{"generations": [1], "best_fitness": [625.3849999999998], "avg_fitness": [-635.9716999999999], "min_fitness": [-1393.0], "std_fitness": [477.219998337884], "current_generation": 2, "current_individual": 22, "current_match": 7, "total_individuals": 50, "total_matches": 10, "current_generation_fitness": [-521.7399999999999, -1641.2499999999995, 942.5000000000001, 282.81999999999994, 855.8399999999998, -401.6, 1.6699999999999022, -2076.8499999999995, -345.04999999999933, 87.46000000000004, -171.6899999999997, -535.6399999999995, -1911.48, -1341.15, -417.9900000000001, -1436.1299999999999, -527.6100000000002, 982.2300000000001, -1906.1499999999996, 743.6899999999999, -1070.7100000000005, -803.175, -1037.5499999999997, -1956.5400000000004, -300.5400000000002, -931.6499999999997, 759.7299999999998, -538.3900000000001, -1802.5999999999997, -1538.4799999999996, -46.830000000000325, 754.3299999999999, -735.02, -469.17999999999995, -1786.6200000000003, -417.80999999999966, 1067.98, 436.0900000000001, -1852.86, -2296.5299999999997, -1625.1, -591.39, -965.4699999999998, -778.4299999999998, -447.86000000000024, -1960.0600000000002, -1072.0699999999997, -305.38000000000034, -1510.67, -1651.5699999999997, 754.0, -2159.7000000000003, -249.34, -2281.0, -1291.37, -101.26000000000005, -2039.9100000000003, -1104.7499999999998, -1364.4899999999993, -1452.63, -1907.5199999999995, -1595.12, -2504.07, -287.72000000000025, -2357.6899999999996, -1523.875, -164.89999999999992, -1912.06, -1454.83, 676.37, -1390.35, -65.33999999999963, 136.0899999999997, -1685.35, 260.0199999999999, -673.3599999999999, -419.1299999999999, -1094.5500000000002, -2082.1800000000003, -363.4900000000001, 392.0400000000001, -1325.51, -1828.1299999999997, -102.15000000000018, -1547.7299999999996, 511.58000000000004, 25.490000000000123, -729.0200000000002, -1016.6099999999998, -1987.3400000000001, -290.9799999999999, 370.3600000000001, 413.24999999999994, -570.4399999999998, -470.3599999999999, -1917.0, -969.4399999999993, -1779.8199999999997, -769.9399999999996, -880.2700000000002, -1958.42, -1204.1499999999999, -225.65999999999985, -1246.5799999999995, -1578.86, 714.8699999999999, -2158.1500000000005, 511.30000000000007, -274.06000000000023, -1042.21, -1162.3299999999995, -2015.7199999999998, -1357.31, -277.78, -1199.999999999999, -1786.2299999999998, 215.99, -1791.2900000000004, -431.40000000000055, -1230.5699999999995, -1215.2849999999994, -365.46000000000015, -1546.9699999999998, -1382.25, 397.4599999999999, -541.1699999999996, -527.8800000000001, 147.25999999999988, -2067.19, -272.32000000000005, -113.24000000000007, -446.67000000000013, -1094.3300000000002, -1704.9499999999998, -247.41999999999993, -180.8800000000002, -1367.71, -1729.85, -1004.8800000000001, -284.6600000000001, 477.52000000000004, -741.5299999999999, -873.2049999999999, -454.37999999999965, -1856.2600000000002, 313.34999999999974, 677.4699999999998, -1469.2900000000002, -1957.3999999999996, -1958.6, 175.2100000000001, -1306.96, -68.98000000000002, -880.6699999999998, -885.3299999999999, -1997.1, -1378.15, -682.3099999999995, -1483.19, -1645.98, 768.4999999999999, -1312.85, 514.0, 638.2399999999998, -1099.09, -1120.63, -2145.22, -198.16999999999996, 677.39, -1362.5900000000001, -2508.579999999999, -1556.4, -1498.0700000000002, -721.1399999999999, -1687.3599999999997, -1430.3300000000002, 432.73, -2220.9799999999996, -1442.27, 296.13000000000005, -1184.8400000000001, -1793.6499999999994, -1339.02, -131.31999999999996, 1056.48, -1910.7299999999993, -1261.93, -444.17999999999995, -2015.1000000000001, -301.7199999999999, -172.54000000000016, -1278.7200000000003, -640.9400000000012, 455.79, -358.49000000000024, 974.1899999999999, -114.05000000000024, -330.1050000000001, -1064.33, -1951.72, -1331.79, -251.02999999999966, -1436.21, -1690.9699999999998, -1094.66, -1535.5399999999995, 1043.7399999999998, -969.8, -1213.225, -1031.8699999999997, -1949.4, -1051.23, 119.03000000000031, -1161.24, -546.3299999999998, 747.8900000000001, -1655.9800000000002, -330.19, -157.42000000000004, -789.0999999999997, -498.76999999999987, -2028.8199999999995, -1038.02, -1183.7799999999997, -1373.2700000000002, -1617.46, -1597.4199999999992, -1562.1, 464.56000000000006, -1116.06, -1278.525, -1072.23, -1742.29, -1412.15, -1107.65, -1385.7200000000003, -1799.5, -317.1100000000001]}